ACV,AccountId,AccountName,AccountOwner,OwnerId,Region,Target,TargetDate
1000,0019A000001nt3OQAQ,Test Account1,Charudatta Mandhare,00530000009jGQy,AMER,10000,11/1/17
29335,0019A000002HZYMQA4,16.06.14.03.rocks,Charudatta Mandhare,00530000009jGQy,APAC,40000,11/4/17
57837,0019A000002G8rPQAS,WSC-Account,Charudatta Mandhare,00530000009jGQy,EMEA,70000,11/7/17
86338,0019A000002G99OQAS,WSC-Account,Charudatta Mandhare,00530000009jGQy,JP,100000,11/10/17
114840,0019A000002G98aQAC,WSC-Account,Charudatta Mandhare,00530000009jGQy,AMER,130000,11/13/17
143341,0019A000002G92mQAC,WSC-Account,Charudatta Mandhare,00530000009jGQy,APAC,160000,11/16/17
171843,0019A000002G90WQAS,WSC-Account,Charudatta Mandhare,00530000009jGQy,EMEA,190000,11/19/17
200344,0019A000002G8wKQAS,WSC-Account,Charudatta Mandhare,00530000009jGQy,JP,220000,11/22/17
228846,0019A000002G8uJQAS,WSC-Account,Charudatta Mandhare,00530000009jGQy,AMER,250000,11/25/17
257347,0019A000002G8tQQAS,WSC-Account,Charudatta Mandhare,00530000009jGQy,APAC,280000,11/28/17
285849,0019A000002G8qWQAS,WSC-Account,Charudatta Mandhare,00530000009jGQy,EMEA,310000,12/1/17
314350,0019A000002G97mQAC,WSC-Account,Charudatta Mandhare,00530000009jGQy,JP,340000,12/4/17
342852,0019A000002G96PQAS,WSC-Account,Charudatta Mandhare,00530000009jGQy,AMER,370000,12/7/17
371353,0019A000002G95gQAC,WSC-Account,Charudatta Mandhare,00530000009jGQy,APAC,400000,12/10/17
399855,0019A000002G93VQAS,WSC-Account,Charudatta Mandhare,00530000009jGQy,EMEA,430000,12/13/17
428356,0019A000002G90CQAS,WSC-Account,Charudatta Mandhare,00530000009jGQy,JP,460000,12/16/17
456858,0019A000002G8yGQAS,WSC-Account,Charudatta Mandhare,00530000009jGQy,AMER,490000,12/19/17
485359,0019A000002G8vlQAC,WSC-Account,Charudatta Mandhare,00530000009jGQy,APAC,520000,12/22/17
513861,0019A000002G8sSQAS,WSC-Account,Charudatta Mandhare,00530000009jGQy,EMEA,550000,12/25/17
542362,0019A000002G8qHQAS,WSC-Account,Charudatta Mandhare,00530000009jGQy,JP,580000,12/28/17
570864,0019A000002G93pQAC,WSC-Account,Charudatta Mandhare,00530000009jGQy,AMER,610000,12/31/17
599365,0019A000002G93uQAC,WSC-Account,Charudatta Mandhare,00530000009jGQy,APAC,640000,1/3/18
627867,0019A000002G902QAC,WSC-Account,Charudatta Mandhare,00530000009jGQy,EMEA,670000,1/6/18
656368,0019A000002G8woQAC,WSC-Account,Charudatta Mandhare,00530000009jGQy,JP,700000,1/9/18
684870,0019A000002G8vgQAC,WSC-Account,Charudatta Mandhare,00530000009jGQy,AMER,730000,1/12/18
713371,0019A000002G8tkQAC,WSC-Account,Charudatta Mandhare,00530000009jGQy,APAC,760000,1/15/18
741873,0019A000002G8ryQAC,WSC-Account,Charudatta Mandhare,00530000009jGQy,EMEA,790000,1/18/18
770374,0019A000002G8qlQAC,WSC-Account,Charudatta Mandhare,00530000009jGQy,JP,820000,1/21/18
798876,0019A000002HaKpQAK,101 SOQL Real PA CODE,Charudatta Mandhare,00530000009jGQy,AMER,850000,1/24/18
827377,0019A000002HarAQAS,16.06.17.01.rocks,Charudatta Mandhare,00530000009jGQy,APAC,880000,1/27/18
855879,0019A000002HZlLQAW,16.06.14.03.06.rocks,Charudatta Mandhare,00530000009jGQy,EMEA,910000,1/30/18
884380,0019A000002HZbQQAW,101 SOQL Chetan_1,Charudatta Mandhare,00530000009jGQy,JP,940000,2/2/18
912882,0019A000002HZXOQA4,16.06.14.02.rocks,Charudatta Mandhare,00530000009jGQy,AMER,970000,2/5/18
